episode,score
1000,3.899999999999998
2000,3.899999999999998
3000,3.899999999999998
4000,1.973
5000,1.8910000000000002
