episode,score
1000,3.75
2000,3.1219999999999986
3000,2.81
4000,1.4940000000000004
5000,3.694999999999999
