episode,score
1000,2.36
2000,-0.04799999999999999
3000,4.0
4000,4.0
5000,2.114
6000,1.9089999999999998
7000,0.0
