episode,score
1000,3.899999999999998
2000,1.8090000000000004
3000,3.899999999999998
4000,1.9320000000000002
5000,1.8090000000000004
