episode,score
1000,-25.00000000000008
2000,-25.00000000000008
3000,-11.851000000000042
4000,-25.00000000000008
5000,-25.00000000000008
6000,-25.00000000000008
7000,-25.00000000000008
8000,-25.00000000000008
9000,-25.00000000000008
10000,-11.152000000000045
11000,2.014
12000,1.098
13000,1.222
14000,2.1459999999999995
15000,3.846
16000,2.2279999999999998
17000,3.8950000000000014
18000,3.95
19000,1.7769999999999997
