episode,score
1000,1.909
2000,1.7040000000000004
3000,2.278
4000,2.073
5000,3.950999999999999
6000,2.3600000000000003
7000,1.786
8000,1.95
9000,4.0
