episode,score
1000,3.558000000000001
2000,3.600000000000002
3000,3.600000000000002
4000,3.551
5000,3.600000000000002
