episode,score
1000,1.431
2000,3.850000000000002
3000,3.850000000000002
4000,1.7589999999999997
5000,1.595
6000,-0.25
