episode,score
1000,1.6779999999999995
2000,4.0
3000,2.02
4000,3.955999999999999
5000,3.592
6000,3.9529999999999994
