episode,score
1000,3.6500000000000004
2000,3.6510000000000007
3000,3.647000000000001
4000,3.652000000000001
5000,3.7
