episode,score
1000,-25.00000000000008
2000,-25.00000000000008
3000,-25.00000000000008
4000,-25.00000000000008
5000,-25.00000000000008
6000,-25.00000000000008
7000,-25.00000000000008
8000,-25.00000000000008
9000,-11.580000000000032
10000,-13.384000000000041
11000,-25.00000000000008
12000,-25.00000000000008
13000,3.404
14000,3.5
15000,3.5
16000,3.5
17000,3.443999999999999
