episode,score
1000,4.0
2000,4.0
3000,3.946999999999999
4000,1.8680000000000003
5000,-4.768999999999997
