episode,score
1000,3.6706
2000,3.3259999999999996
3000,3.45
4000,3.094
5000,3.1470000000000002
