episode,score
1000,2.1959999999999997
2000,1.663
3000,2.155
4000,4.0
5000,1.7860000000000003
6000,1.9910000000000003
7000,4.0
8000,4.0
