episode,score
1000,3.947999999999999
2000,4.0
3000,3.9389999999999987
4000,4.0
5000,3.946999999999999
