episode,score
1000,4.0
2000,3.950999999999999
3000,4.0
4000,3.9479999999999995
5000,4.0
