episode,score
1000,1.9909999999999999
2000,2.073
3000,2.319
4000,1.9909999999999999
5000,1.909
6000,2.1959999999999997
7000,4.0
8000,4.0
9000,4.0
10000,4.0
11000,4.0
