episode,score
1000,-24.065000000000083
2000,-11.22800000000004
3000,4.0
4000,4.0
5000,4.0
6000,2.24
7000,-24.428000000000083
