episode,score
1000,-12.592000000000036
2000,1.76
3000,4.0
4000,4.0
5000,1.84
6000,1.6720000000000004
7000,1.656
