episode,score
1000,3.7
2000,3.640000000000001
3000,3.639000000000001
4000,3.6550000000000007
5000,3.7
