episode,score
1000,-25.00000000000008
2000,-25.00000000000008
3000,-25.00000000000008
4000,-25.00000000000008
5000,-25.00000000000008
6000,-25.00000000000008
7000,-25.00000000000008
8000,-25.00000000000008
9000,-25.00000000000008
10000,-25.00000000000008
11000,4.0
12000,4.0
13000,4.0
14000,4.0
15000,3.9549999999999987
