episode,score
1000,-13.284000000000043
2000,0.0
3000,-9.340000000000039
4000,1.95
5000,1.622
6000,1.868
7000,2.237
8000,-9.050000000000038
9000,2.155
10000,1.7860000000000003
11000,2.114
12000,4.0
13000,4.0
14000,4.0
15000,4.0
16000,4.0
