episode,score
1000,1.745
2000,1.5810000000000002
3000,2.319
4000,1.704
5000,2.1959999999999997
6000,1.745
7000,2.237
8000,4.0
9000,4.0
10000,4.0
11000,4.0
12000,4.0
