episode,score
1000,3.703999999999999
2000,3.75
3000,3.75
4000,3.690999999999999
5000,3.69
