episode,score
1000,1.2399999999999998
2000,1.9369999999999994
3000,1.6499999999999995
4000,3.7
5000,1.5269999999999997
6000,1.8959999999999997
7000,1.5679999999999996
8000,1.3629999999999995
