episode,score
1000,1.3700000000000006
2000,3.8959999999999995
3000,4.0
4000,4.0
5000,4.0
6000,4.0
