episode,score
1000,1.786
2000,1.9089999999999998
3000,2.032
4000,1.868
5000,3.9469999999999987
6000,3.949999999999999
7000,4.0
8000,4.0
9000,4.0
