episode,score
1000,4.0
2000,3.946999999999999
3000,4.0
4000,3.9459999999999993
5000,3.9529999999999994
