episode,score
1000,3.850000000000002
2000,3.850000000000002
3000,3.7930000000000006
4000,3.75
5000,3.5789999999999997
