episode,score
1000,3.649999999999998
2000,3.5919999999999983
3000,3.6059999999999985
4000,3.605999999999999
5000,3.6019999999999985
