episode,score
1000,3.2207999999999983
2000,3.399999999999998
3000,3.2811999999999983
4000,3.399999999999998
5000,3.3459999999999983
6000,3.399999999999998
