episode,score
1000,1.95
2000,1.7860000000000003
3000,1.868
4000,1.7860000000000003
5000,4.0
6000,4.0
7000,4.0
8000,4.0
9000,4.0
