episode,score
1000,0.5384000000000071
2000,3.350000000000002
3000,0.27470000000000555
4000,0.3746000000000065
5000,0.2612000000000046
6000,0.22880000000000636
