episode,score
1000,-9.340000000000039
2000,2.155
3000,1.7040000000000004
4000,1.704
5000,-25.00000000000008
6000,4.0
7000,4.0
8000,4.0
9000,4.0
10000,4.0
