episode,score
1000,1.4679999999999997
2000,-7.846600000000027
3000,3.600000000000002
4000,1.6679999999999995
5000,1.2899999999999998
6000,1.4679999999999997
7000,1.6259999999999997
